5000,wenyao
5001,marco
5002,satoshi
5003,luffa
5004,baozhong
5005,cynthia
5006,azian
5007,james
5008,run
5009,disney
5010,user5010
5011,user5011
5012,user5012
5013,user5013
5014,user5014
5015,user5015
5016,user5016
5017,user5017
5018,user5018
5019,user5019
5020,user5020
5021,user5021
5022,user5022
5023,user5023
5024,user5024
5025,user5025
5026,user5026
5027,user5027
5028,user5028
5029,user5029
5030,user5030
5031,user5031
5032,user5032
5033,user5033
5034,user5034
5035,user5035
5036,user5036
5037,user5037
5038,user5038
5039,user5039
5040,user5040
5041,user5041
5042,user5042
5043,user5043
5044,user5044
5045,user5045
5046,user5046
5047,user5047
5048,user5048
5049,user5049
